<?xml version="1.0" encoding="UTF-8"?>
<project-private xmlns="http://www.netbeans.org/ns/project-private/1">
    <editor-bookmarks xmlns="http://www.netbeans.org/ns/editor-bookmarks/2" lastBookmarkId="0"/>
    <open-files xmlns="http://www.netbeans.org/ns/projectui-open-files/2">
        <group>
            <file>file:/C:/Users/mk225/OneDrive/Documents/NetBeansProjects/CarRentalSystem/src/Classes/UserService.java</file>
            <file>file:/C:/Users/mk225/OneDrive/Documents/NetBeansProjects/CarRentalSystem/src/StaffDashboard.java</file>
            <file>file:/C:/Users/mk225/OneDrive/Documents/NetBeansProjects/CarRentalSystem/src/RecoverPasswordForm.java</file>
            <file>file:/C:/Users/mk225/OneDrive/Documents/NetBeansProjects/CarRentalSystem/src/Classes/User.java</file>
            <file>file:/C:/Users/mk225/OneDrive/Documents/NetBeansProjects/CarRentalSystem/src/AdminDashboard.java</file>
            <file>file:/C:/Users/mk225/OneDrive/Documents/NetBeansProjects/CarRentalSystem/src/BookCarForm.java</file>
            <file>file:/C:/Users/mk225/OneDrive/Documents/NetBeansProjects/CarRentalSystem/src/ManageCars.java</file>
            <file>file:/C:/Users/mk225/OneDrive/Documents/NetBeansProjects/CarRentalSystem/src/Classes/DatabaseConnection.java</file>
            <file>file:/C:/Users/mk225/OneDrive/Documents/NetBeansProjects/CarRentalSystem/src/ViewBookingsForm.java</file>
            <file>file:/C:/Users/mk225/OneDrive/Documents/NetBeansProjects/CarRentalSystem/src/ManageUsers.java</file>
            <file>file:/C:/Users/mk225/OneDrive/Documents/NetBeansProjects/CarRentalSystem/src/BookCar.java</file>
            <file>file:/C:/Users/mk225/OneDrive/Documents/NetBeansProjects/CarRentalSystem/src/CustomerDashboard.java</file>
            <file>file:/C:/Users/mk225/OneDrive/Documents/NetBeansProjects/CarRentalSystem/src/login.java</file>
            <file>file:/C:/Users/mk225/OneDrive/Documents/NetBeansProjects/CarRentalSystem/src/CarRentalSystemApp.java</file>
        </group>
    </open-files>
</project-private>
